,ID,Sex,DR,Use,RecDate,BirthDate,Ht,Race,Edu,age,height
0,ABC0,M,6,TRN,03/03/86,06/17/60,"5'11""",WHT,BS,25.71,180.34
1,ABW0,M,2,TST,04/21/86,05/26/59,"5'9""",WHT,BS,26.9,175.26
2,ADC0,M,3,TRN,02/25/86,04/27/54,"5'9""",WHT,HS,31.83,175.26
3,ADD0,M,7,TRN,01/28/86,03/23/58,"6'2""",WHT,BS,27.85,187.96
4,ADG0,F,4,TST,02/12/86,04/11/59,"5'4""",WHT,MS,26.84,162.56
5,AEB0,M,4,TRN,04/10/86,09/20/37,"5'11""",WHT,HS,48.55,180.34
6,AEM0,F,2,TRN,02/27/86,05/13/60,"5'3""",WHT,BS,25.79,160.02
7,AEO0,M,7,TRN,02/20/86,07/19/55,"5'11""",WHT,BS,30.59,180.34
8,AFM0,M,7,TRN,03/31/86,12/22/52,"5'08""",WHT,BS,33.27,172.72
9,AHH0,M,5,TST,02/14/86,02/22/53,"5'10""",BLK,BS,32.98,177.8
10,AJC0,M,8,TST,03/11/86,12/25/58,"6'00""",WHT,BS,27.21,182.88
11,AJP0,M,6,TRN,05/06/86,08/23/63,"5'11""",WHT,BS,22.7,180.34
12,AJW0,F,2,TRN,02/11/86,03/31/58,"5'8""",WHT,HS,27.87,172.72
13,AKB0,M,3,TRN,04/16/86,09/18/51,"6'0""",WHT,MS,34.58,182.88
14,AKR0,M,3,TRN,02/24/86,04/09/63,"6'0""",WHT,MS,22.88,182.88
15,AKS0,F,1,TST,04/01/86,12/05/57,"5'04""",WHT,PHD,28.32,162.56
16,ALK0,F,3,TRN,01/28/86,07/23/38,"5'6""",WHT,HS,47.52,167.64
17,ALR0,F,4,TRN,02/20/86,06/05/62,"5'4""",WHT,BS,23.71,162.56
18,APB0,F,6,TRN,04/30/86,09/18/45,"5'5""",WHT,HS,40.61,165.1
19,APV0,M,3,TRN,02/13/86,03/26/48,"5'10""",WHT,MS,37.89,177.8
20,ARC0,M,2,TRN,01/30/86,12/03/57,"5'9""",WHT,MS,28.16,175.26
21,ARW0,M,4,TRN,02/12/86,11/05/60,"5'10""",WHT,BS,25.27,177.8
22,ASW0,F,5,TST,03/26/86,01/06/31,"5'06""",WHT,??,55.22,167.64
23,AWF0,F,5,TST,04/14/86,12/19/58,"5'7""",WHT,BS,27.32,170.18
24,BAR0,M,7,TRN,02/19/86,07/18/62,"6'1""",WHT,BS,23.59,185.42
25,BAS0,F,4,TRN,02/26/86,09/04/33,"5'5""",WHT,BS,52.48,165.1
26,BBR0,M,7,TRN,04/29/86,08/18/57,"5'8""",WHT,BS,28.7,172.72
27,BCG0,M,8,TRN,04/02/86,08/11/59,"5'8""",WHT,BS,26.64,172.72
28,BCG1,F,8,TRN,04/09/86,02/23/59,"4'9""",???,BS,27.13,144.78
29,BCH0,F,6,TRN,04/02/86,07/08/59,"5'06""",WHT,BS,26.73,167.64
30,BDG0,M,3,TST,03/11/86,04/30/58,"5'11""",WHT,MS,27.86,180.34
31,BEF0,M,3,TRN,02/12/86,11/04/52,"5'11""",WHT,PHD,33.27,180.34
32,BGT0,M,5,TRN,02/21/86,03/22/58,"5'10""",WHT,BS,27.92,177.8
33,BJK0,M,2,TST,01/29/86,10/02/61,"6'3""",WHT,BS,24.33,190.5
34,BJL0,F,5,TRN,03/26/86,09/17/62,"5'07""",WHT,BS,23.52,170.18
35,BJV0,M,2,TRN,02/05/86,09/25/61,"6'0""",WHT,BS,24.36,182.88
36,BLV0,F,7,TRN,04/29/86,12/14/58,"5'8""",WHT,MS,27.37,172.72
37,BMA0,M,4,TRN,02/04/86,10/08/41,"6'3""",WHT,PHD,44.33,190.5
38,BMA1,M,6,TRN,04/02/86,08/16/54,"6'02""",WHT,BS,31.63,187.96
39,BMH0,F,5,TRN,01/23/86,02/26/46,"5'6""",WHT,HS,39.91,167.64
40,BMJ0,F,4,TRN,01/24/86,05/23/40,"5'3""",WHT,HS,45.67,160.02
41,BML0,M,7,TRN,01/28/86,08/28/59,"6'2""",WHT,BS,26.42,187.96
42,BNS0,M,4,TST,02/03/86,09/22/56,"5'11""",WHT,MS,29.37,180.34
43,BOM0,M,7,TRN,04/16/86,07/30/59,"5'10""",WHT,BS,26.71,177.8
44,BPM0,M,5,TST,04/01/86,08/21/60,"5'09""",WHT,MS,25.61,175.26
45,BSB0,M,8,TRN,02/24/86,12/17/62,"5'11""",WHT,??,23.19,180.34
46,BTH0,M,7,TRN,03/12/86,05/11/62,"6'02""",WHT,BS,23.84,187.96
47,BWM0,M,3,TST,02/17/86,12/20/54,"6'2""",WHT,HS,31.16,187.96
48,BWP0,M,4,TRN,02/21/86,04/28/47,"6'0""",WHT,BS,38.82,182.88
49,CAE0,M,6,TRN,03/07/86,05/28/57,"6'00""",BLK,HS,28.78,182.88
50,CAG0,F,4,TRN,03/18/86,03/10/62,"5'11""",WHT,MS,24.02,180.34
51,CAJ0,F,2,TRN,03/13/86,08/06/50,"5'08""",WHT,HS,35.6,172.72
52,CAL0,M,3,TRN,01/23/86,06/23/59,"6'3""",WHT,BS,26.58,190.5
53,CAL1,F,5,TST,02/28/86,01/20/56,"5'4""",WHT,HS,30.11,162.56
54,CAU0,F,7,TST,04/21/86,03/08/63,"5'10""",WHT,MS,23.12,177.8
55,CCS0,M,2,TST,03/12/86,05/27/42,"5'08""",WHT,HS,43.79,172.72
56,CDC0,M,3,TRN,02/13/86,10/19/59,"5'9""",WHT,BS,26.32,175.26
57,CDD0,M,3,TRN,03/19/86,05/04/55,"6'02""",WHT,BS,30.87,187.96
58,CDR0,M,4,TRN,01/27/86,12/29/60,"5'10""",WHT,BS,25.08,177.8
59,CDR1,F,5,TRN,01/29/86,10/22/62,"5'8""",BLK,HS,23.27,172.72
60,CEF0,M,3,TRN,01/23/86,11/23/57,"5'8""",WHT,BS,28.17,172.72
61,CEG0,F,8,TRN,02/05/86,09/10/58,"5'3""",WHT,BS,27.4,160.02
62,CEM0,M,2,TST,02/27/86,09/09/57,"5'9""",BLK,??,28.47,175.26
63,CEW0,M,2,TRN,03/06/86,07/09/39,"6'02""",WHT,MS,46.66,187.96
64,CFT0,F,4,TST,01/29/86,03/10/63,"5'3""",WHT,HS,22.89,160.02
65,CHH0,M,7,TST,04/15/86,09/25/42,"6'5""",WHT,PHD,43.55,195.58
66,CHL0,M,5,TRN,02/24/86,12/11/60,"6'3""",WHT,HS,25.2,190.5
67,CJF0,F,1,TRN,04/18/86,08/31/62,"5'4""",WHT,BS,23.63,162.56
68,CJS0,F,7,TRN,04/09/86,07/10/44,"5'9""",WHT,MS,41.75,175.26
69,CKE0,F,3,TRN,01/21/86,03/26/60,"5'8""",WHT,BS,25.82,172.72
70,CLK0,M,7,TRN,04/18/86,08/12/64,"5'10""",WHT,HS,21.68,177.8
71,CLM0,M,5,TRN,03/10/86,11/28/45,"6'03""",WHT,BS,40.28,190.5
72,CLT0,F,8,TRN,03/05/86,10/16/46,"5'0""",WHT,AS,39.39,152.4
73,CMB0,M,5,TST,02/11/86,09/06/48,"6'3""",WHT,PHD,37.43,190.5
74,CMG0,F,3,TRN,02/05/86,04/01/60,"5'6""",WHT,BS,25.85,167.64
75,CMH0,F,3,TST,03/10/86,06/06/43,"5'08""",WHT,MS,42.76,172.72
76,CMH1,F,8,TST,03/14/86,05/01/62,"5'06""",WHT,BS,23.87,167.64
77,CMJ0,M,6,TST,01/16/86,02/06/58,"5'7""",WHT,MS,27.94,170.18
78,CMM0,F,2,TRN,01/09/86,01/30/60,"5'2""",WHT,HS,25.94,157.48
79,CMR0,F,2,TST,01/21/86,04/06/51,"5'3""",WHT,MS,34.79,160.02
80,CPM0,M,1,TRN,01/30/86,02/18/62,"5'6""",WHT,BS,23.95,167.64
81,CRC0,M,5,TST,01/31/86,08/06/47,"5'7""",WHT,MS,38.49,170.18
82,CRE0,M,7,TRN,01/22/86,09/09/60,"6'0""",WHT,BS,25.37,182.88
83,CRH0,F,4,TST,01/17/86,02/24/58,"5'4""",BLK,HS,27.9,162.56
84,CRZ0,F,7,TRN,03/04/86,08/30/29,"5'2""",WHT,HS,56.51,157.48
85,CSH0,M,3,TST,03/25/86,11/19/32,"5'11""",WHT,BS,53.35,180.34
86,CSS0,M,4,TRN,02/26/86,09/14/61,"5'10""",WHT,BS,24.45,177.8
87,CTH0,M,7,TRN,01/31/86,10/16/59,"6'2""",WHT,MS,26.29,187.96
88,CTM0,M,2,TRN,02/24/86,08/29/55,"6'0""",WHT,HS,30.49,182.88
89,CTT0,M,5,TST,03/26/86,05/24/62,"5'11""",WHT,BS,23.84,180.34
90,CTW0,M,3,TST,02/25/86,02/26/60,"6'8""",???,BS,26.0,203.2
91,CXM0,M,8,TRN,02/24/86,09/07/58,"5'9""",HIS,HS,27.46,175.26
92,CYL0,F,2,TRN,02/14/86,02/16/59,"5'7""",WHT,BS,26.99,170.18
93,DAB0,M,1,TST,04/21/86,12/15/62,"5'11""",WHT,BS,23.35,180.34
94,DAC0,M,1,TRN,02/11/86,11/29/60,"5'10""",WHT,BS,25.2,177.8
95,DAC1,F,1,TST,03/12/86,11/05/18,"5'01""",WHT,HS,67.35,154.94
96,DAC2,M,5,TST,04/14/86,04/06/61,"5'10""",WHT,BS,25.02,177.8
97,DAS0,M,5,TRN,02/11/86,07/12/61,"6'1""",WHT,BS,24.58,185.42
98,DAS1,F,2,TRN,03/11/86,12/30/59,"5'09""",WHT,MS,26.2,175.26
99,DAW0,F,1,TRN,02/28/86,07/18/60,"5'4""",WHT,HS,25.61,162.56
100,DAW1,M,8,TST,03/10/86,11/17/57,"5'10""",WHT,BS,28.31,177.8
101,DBB0,M,2,TST,01/30/86,10/02/33,"5'10""",WHT,MS,52.33,177.8
102,DBB1,M,3,TRN,04/15/86,02/27/62,"5'11""",WHT,BS,24.13,180.34
103,DBP0,M,2,TRN,01/27/86,01/25/62,"5'9""",WHT,BS,24.01,175.26
104,DCD0,M,4,TRN,03/03/86,11/20/33,"5'11""",WHT,HS,52.28,180.34
105,DCM0,M,7,TRN,03/13/86,11/24/59,"5'11""",WHT,MS,26.3,180.34
106,DDC0,M,3,TRN,03/03/86,07/16/53,"5'7""",WHT,MS,32.63,170.18
107,DED0,M,7,TRN,01/28/86,12/20/59,"5'10""",???,BS,26.11,177.8
108,DEF0,M,3,TRN,03/31/86,01/29/52,"5'09""",WHT,BS,34.17,175.26
109,DEM0,M,2,TRN,02/05/86,09/11/61,"6'0""",WHT,BS,24.4,182.88
110,DFB0,F,3,TRN,02/19/86,11/01/61,"5'6""",???,BS,24.3,167.64
111,DHC0,F,7,TST,03/26/86,03/17/56,"5'07""",WHT,MS,30.02,170.18
112,DHL0,M,5,TRN,03/05/86,07/31/52,"5'8""",BLK,BS,33.6,172.72
113,DHS0,M,3,TRN,03/21/86,07/17/53,"5'06""",WHT,MS,32.68,167.64
114,DJH0,F,3,TRN,03/31/86,03/24/61,"5'02""",WHT,BS,25.02,157.48
115,DJM0,M,3,TRN,03/10/86,03/08/60,"6'04""",WHT,BS,26.01,193.04
116,DKN0,F,4,TRN,05/09/86,07/04/54,"6'0""",WHT,PHD,31.85,182.88
117,DKS0,M,7,TRN,05/02/86,03/25/57,"6'5""",WHT,BS,29.1,195.58
118,DLB0,M,2,TRN,02/17/86,05/17/51,"5'8""",WHT,AS,34.75,172.72
119,DLC0,M,3,TRN,02/27/86,04/28/42,"5'8""",WHT,??,43.83,172.72
120,DLC1,M,7,TRN,03/05/86,04/25/50,"6'1""",WHT,MS,35.86,185.42
121,DLC2,M,2,TRN,04/09/86,11/18/59,"5'9""",WHT,MS,26.39,175.26
122,DLD0,M,2,TST,03/25/86,07/23/61,"5'10""",WHT,MS,24.67,177.8
123,DLF0,M,7,TST,04/02/86,07/20/61,"6'03""",WHT,BS,24.7,190.5
124,DLH0,M,3,TRN,02/20/86,04/07/55,"5'11""",WHT,BS,30.87,180.34
125,DLM0,M,7,TRN,02/05/86,07/10/52,"6'2""",WHT,MS,33.57,187.96
126,DLR0,M,7,TRN,02/04/86,05/02/56,"5'8""",WHT,BS,29.76,172.72
127,DLR1,M,7,TRN,02/14/86,01/22/63,"5'9""",WHT,AS,23.06,175.26
128,DLS0,M,4,TST,04/14/86,06/26/59,"5'9""",WHT,MS,26.8,175.26
129,DMA0,M,4,TRN,03/04/86,04/22/58,"5'9""",WHT,MS,27.87,175.26
130,DML0,F,1,TRN,01/24/86,03/19/63,"5'6""",WHT,BS,22.85,167.64
131,DMS0,F,4,TST,02/03/86,01/30/54,"5'4""",WHT,BS,32.01,162.56
132,DMT0,M,2,TRN,01/31/86,07/13/56,"6'0""",WHT,MS,29.55,182.88
133,DMY0,F,5,TRN,01/30/86,08/30/60,"5'6""",BLK,AS,25.42,167.64
134,DNC0,F,2,TRN,02/12/86,04/27/46,"5'4""",WHT,HS,39.8,162.56
135,DNS0,M,3,TRN,04/16/86,11/23/55,"5'8""",WHT,BS,30.4,172.72
136,DPB0,M,7,TRN,03/18/86,09/07/59,"5'09""",WHT,MS,26.53,175.26
137,DPK0,M,1,TRN,04/29/86,09/07/60,"5'2""",WHT,BS,25.64,157.48
138,DPS0,M,2,TRN,02/24/86,05/22/53,"6'1""",WHT,HS,32.76,185.42
139,DRB0,M,5,TST,01/29/86,08/23/59,"6'0""",BLK,BS,26.43,182.88
140,DRD0,M,6,TRN,02/26/86,06/11/61,"6'5""",WHT,HS,24.71,195.58
141,DRD1,F,2,TST,03/25/86,07/24/63,"5'04""",WHT,BS,22.67,162.56
142,DRM0,M,4,TST,04/16/86,10/26/55,"6'0""",WHT,MS,30.47,182.88
143,DRW0,F,6,TST,02/13/86,11/29/61,"5'2""",WHT,BS,24.21,157.48
144,DSC0,M,6,TST,04/21/86,12/27/43,"5'7""",WHT,PHD,42.32,170.18
145,DSJ0,M,5,TRN,03/11/86,07/19/52,"6'02""",WHT,MS,33.64,187.96
146,DSS0,M,2,TRN,02/05/86,08/22/58,"5'9""",WHT,BS,27.46,175.26
147,DSS1,M,3,TRN,02/20/86,08/24/55,"6'1""",WHT,BS,30.49,185.42
148,DTB0,M,3,TRN,01/31/86,07/15/42,"5'10""",AMR,BS,43.55,177.8
149,DTD0,F,5,TRN,03/31/86,12/11/54,"5'08""",BLK,BS,31.3,172.72
150,DVC0,M,7,TST,03/31/86,02/11/55,"5'11""",WHT,PHD,31.13,180.34
151,DWA0,M,5,TST,03/06/86,09/18/59,"5'11""",WHT,BS,26.46,180.34
152,DWD0,M,2,TRN,02/11/86,07/03/62,"5'10""",WHT,BS,23.61,177.8
153,DWH0,M,5,TRN,02/14/86,02/12/62,"6'2""",WHT,BS,24.01,187.96
154,DWK0,M,5,TST,03/25/86,01/09/32,"5'08""",WHT,BS,54.21,172.72
155,DWM0,M,3,TRN,03/25/86,02/01/62,"5'10""",WHT,BS,24.14,177.8
156,DXW0,F,2,TRN,03/19/86,12/31/61,"5'09""",WHT,BS,24.22,175.26
157,EAC0,F,2,TRN,02/05/86,11/27/50,"5'4""",WHT,BS,35.19,162.56
158,EAL0,M,6,TRN,03/25/86,11/02/63,"5'10""",WHT,BS,22.39,177.8
159,EAR0,F,5,TRN,02/05/86,12/03/45,"5'8""",WHT,HS,40.17,172.72
160,ECD0,F,1,TRN,03/03/86,03/08/49,"5'2""",WHT,BS,36.99,157.48
161,EDR0,M,1,TRN,02/25/86,11/01/60,"5'6""",???,BS,25.32,167.64
162,EDW0,F,4,TST,01/15/86,01/17/60,"5'7""",BLK,HS,25.99,170.18
163,EEH0,F,4,TRN,01/21/86,03/10/62,"5'4""",WHT,BS,23.87,162.56
164,EFG0,M,2,TRN,01/16/86,02/26/56,"5'8""",WHT,BS,29.89,172.72
165,EGJ0,M,5,TRN,02/20/86,05/11/54,"6'4""",WHT,??,31.78,193.04
166,EJL0,M,6,TRN,04/02/86,08/01/57,"5'9""",WHT,MS,28.67,175.26
167,EJS0,M,8,TRN,02/05/86,03/28/50,"5'11""",WHT,MS,35.86,180.34
168,ELC0,F,1,TST,02/26/86,05/20/54,"5'4""",WHT,BS,31.77,162.56
169,EME0,F,3,TRN,03/18/86,03/29/34,"5'09""",WHT,BS,51.97,175.26
170,ERS0,M,7,TST,04/17/86,02/06/57,"5'8""",WHT,MS,29.19,172.72
171,ESD0,M,6,TST,04/15/86,01/04/62,"5'8""",WHT,BS,24.28,172.72
172,ESG0,M,4,TRN,02/20/86,05/24/63,"6'0""",WHT,??,22.74,182.88
173,ESJ0,M,6,TRN,04/14/86,12/31/57,"5'8""",WHT,BS,28.29,172.72
174,ETB0,F,1,TRN,01/24/86,06/16/60,"5'0""",WHT,BS,25.61,152.4
175,EWM0,M,5,TRN,02/24/86,11/29/63,"5'8""",WHT,HS,22.24,172.72
176,EXM0,F,5,TRN,01/20/86,12/03/54,"5'4""",BLK,MS,31.13,162.56
177,FER0,M,5,TRN,03/14/86,06/20/56,"6'03""",WHT,BS,29.73,190.5
178,FGK0,M,5,TST,01/21/86,01/25/57,"5'6""",WHT,BS,28.99,167.64
179,FMC0,M,3,TRN,01/23/86,08/27/61,"6'3""",WHT,BS,24.41,190.5
180,FRM0,M,4,TRN,01/27/86,04/10/56,"5'11""",WHT,BS,29.8,180.34
181,FWK0,M,4,TRN,02/05/86,10/19/48,"5'9""",WHT,BS,37.3,175.26
182,FXS0,M,7,TRN,04/23/86,04/19/46,"5'6""",WHT,BS,40.01,167.64
183,FXV0,M,7,TRN,04/15/86,07/09/41,"6'3""",WHT,PHD,44.77,190.5
184,GAF0,M,3,TRN,02/12/86,12/11/48,"5'11""",WHT,MS,37.17,180.34
185,GAG0,M,4,TRN,02/19/86,10/06/62,"6'0""",WHT,AS,23.37,182.88
186,GAK0,M,7,TRN,04/21/86,09/20/50,"6'2""",WHT,MS,35.58,187.96
187,GAR0,M,7,TRN,01/31/86,11/28/61,"5'10""",WHT,BS,24.17,177.8
188,GAW0,M,7,TRN,01/28/86,11/11/60,"5'11""",WHT,BS,25.21,180.34
189,GCS0,F,3,TRN,03/13/86,07/14/62,"5'03""",WHT,BS,23.66,160.02
190,GDP0,F,5,TRN,04/10/86,12/16/58,"4'10""",BLK,BS,27.32,147.32
191,GES0,M,5,TRN,03/13/86,02/21/60,"6'03""",WHT,MS,26.06,190.5
192,GJC0,M,4,TRN,02/20/86,07/29/62,"5'9""",WHT,??,23.56,175.26
193,GJD0,F,4,TST,01/29/86,12/10/60,"5'6""",WHT,HS,25.14,167.64
194,GJF0,M,3,TST,02/11/86,08/16/50,"5'11""",WHT,MS,35.49,180.34
195,GLB0,M,3,TST,03/24/86,04/22/49,"5'11""",WHT,MS,36.92,180.34
196,GMB0,F,5,TRN,01/24/86,07/10/58,"5'8""",WHT,MS,27.54,172.72
197,GMD0,F,5,TST,02/18/86,11/06/62,"5'3""",WHT,BS,23.28,160.02
198,GMM0,M,4,TST,01/23/86,08/19/62,"5'10""",WHT,BS,23.43,177.8
199,GRL0,M,1,TRN,03/18/86,02/20/48,"6'01""",WHT,BS,38.07,185.42
200,GRP0,M,4,TRN,02/18/86,02/20/29,"6'1""",WHT,MS,56.99,185.42
201,GRT0,M,7,TST,03/07/86,08/25/56,"6'03""",WHT,BS,29.53,190.5
202,GRW0,F,3,TRN,01/27/86,05/22/61,"5'3""",WHT,HS,24.68,160.02
203,GSH0,M,5,TRN,01/29/86,10/09/57,"6'0""",WHT,BS,28.31,182.88
204,GSL0,M,7,TRN,01/28/86,07/15/47,"6'4""",WHT,PHD,38.54,193.04
205,GWR0,F,7,TST,04/01/86,10/08/60,"5'08""",WHT,BS,25.48,172.72
206,GWT0,M,2,TST,03/25/86,07/15/21,"5'06""",WHT,BS,64.69,167.64
207,GXP0,M,4,TRN,02/03/86,05/15/50,"5'8""",BLK,BS,35.72,172.72
208,HBS0,M,7,TRN,04/01/86,02/15/62,"5'10""",WHT,BS,24.13,177.8
209,HES0,F,5,TST,01/21/86,11/29/60,"5'5""",WHT,MS,25.14,165.1
210,HEW0,F,5,TST,02/27/86,04/11/34,"5'0""",WHT,HS,51.88,152.4
211,HIT0,M,5,TRN,04/09/86,01/02/59,"5'9""",BLK,BS,27.27,175.26
212,HJB0,M,3,TRN,04/17/86,12/20/58,"6'1""",WHT,BS,27.33,185.42
213,HLM0,F,2,TRN,03/31/86,06/18/43,"5'03""",WHT,HS,42.78,160.02
214,HMG0,M,5,TRN,02/25/86,08/08/59,"5'11""",WHT,BS,26.55,180.34
215,HMR0,M,3,TRN,01/22/86,01/21/62,"5'10""",WHT,BS,24.0,177.8
216,HPG0,M,3,TST,01/17/86,09/19/47,"5'9""",WHT,BS,38.33,175.26
217,HRM0,M,2,TRN,04/02/86,07/02/56,"6'2""",WHT,AS,29.75,187.96
218,HXL0,M,7,TRN,01/24/86,09/09/51,"5'10""",ORN,MS,34.37,177.8
219,HXS0,F,6,TRN,05/07/86,08/20/41,"5'6""",WHT,BS,44.71,167.64
220,ILB0,M,3,TRN,03/24/86,06/07/55,"6'03""",WHT,BS,30.8,190.5
221,ISB0,F,7,TST,04/01/86,02/12/51,"5'10""",WHT,HS,35.13,177.8
222,JAC0,M,4,TRN,02/20/86,10/10/40,"5'8""",WHT,BS,45.36,172.72
223,JAE0,M,2,TRN,03/20/86,03/21/63,"5'09""",WHT,BS,23.0,175.26
224,JAI0,M,7,TRN,04/08/86,03/14/62,"5'10""",WHT,BS,24.07,177.8
225,JAR0,M,2,TST,02/25/86,11/13/61,"5'11""",WHT,BS,24.28,180.34
226,JAS0,F,2,TST,02/27/86,07/21/47,"5'8""",WHT,PHD,38.6,172.72
227,JBG0,M,2,TRN,02/04/86,04/14/59,"5'11""",WHT,BS,26.81,180.34
228,JBR0,M,3,TST,04/15/86,07/22/50,"5'10""",WHT,MS,35.73,177.8
229,JCS0,F,5,TST,02/18/86,12/27/51,"5'4""",WHT,BS,34.14,162.56
230,JDA0,M,3,TRN,04/18/86,03/01/54,"5'7""",WHT,BS,32.13,170.18
231,JDC0,M,4,TRN,01/28/86,09/29/58,"6'2""",WHT,BS,27.33,187.96
232,JDE0,M,2,TRN,01/22/86,09/20/62,"6'0""",WHT,BS,23.34,182.88
233,JDG0,M,7,TRN,04/23/86,11/12/56,"5'3""",ORN,BS,29.45,160.02
234,JDH0,M,6,TST,02/24/86,09/26/50,"6'1""",WHT,BS,35.41,185.42
235,JDM0,M,5,TRN,02/21/86,02/19/51,"6'1""",WHT,MS,35.01,185.42
236,JDM1,M,4,TST,03/07/86,05/17/61,"6'0""",WHT,BS,24.81,182.88
237,JDM2,F,6,TRN,04/01/86,10/06/55,"5'05""",WHT,BS,30.49,165.1
238,JEB0,M,2,TRN,02/13/86,12/21/47,"5'8""",WHT,MS,38.15,172.72
239,JEB1,M,1,TRN,03/12/86,01/25/59,"5'09""",WHT,MS,27.13,175.26
240,JEE0,M,4,TRN,02/05/86,06/29/56,"5'11""",WHT,MS,29.6,180.34
241,JEM0,F,1,TST,02/11/86,11/06/51,"5'6""",WHT,MS,34.27,167.64
242,JEN0,F,7,TRN,04/23/86,09/13/63,"5'8""",WHT,BS,22.61,172.72
243,JES0,M,3,TST,02/26/86,01/29/63,"5'5""",WHT,BS,23.08,165.1
244,JFC0,M,6,TST,04/21/86,03/16/59,"6'0""",WHT,BS,27.1,182.88
245,JFH0,M,5,TRN,01/21/86,01/25/58,"5'9""",WHT,MS,27.99,175.26
246,JFR0,M,7,TRN,04/09/86,10/09/39,"5'8""",WHT,MS,46.5,172.72
247,JHI0,M,2,TRN,02/20/86,05/28/52,"5'7""",BLK,HS,33.73,170.18
248,JHK0,F,7,TRN,04/17/86,07/21/60,"5'2""",???,MS,25.74,157.48
249,JJB0,M,3,TRN,01/23/86,04/18/59,"6'0""",WHT,BS,26.77,182.88
250,JJG0,M,3,TST,04/15/86,07/01/61,"6'1""",WHT,BS,24.79,185.42
251,JJJ0,M,4,TRN,01/28/86,11/16/39,"6'1""",WHT,BS,46.2,185.42
252,JJM0,M,7,TRN,03/11/86,06/24/62,"6'01""",WHT,BS,23.71,185.42
253,JKL0,F,2,TRN,03/31/86,01/31/59,"5'06""",WHT,BS,27.16,167.64
254,JKR0,M,3,TRN,01/31/86,12/02/53,"6'6""",WHT,MS,32.16,198.12
255,JLB0,M,4,TRN,04/10/86,08/02/63,"5'10""",WHT,BS,22.69,177.8
256,JLG0,F,3,TRN,02/06/86,10/14/62,"5'4""",WHT,BS,23.31,162.56
257,JLG1,M,3,TRN,04/16/86,12/24/59,"5'9""",WHT,BS,26.31,175.26
258,JLM0,F,4,TST,04/23/86,07/02/62,"5'3""",WHT,BS,23.81,160.02
259,JLN0,M,8,TST,03/07/86,10/02/55,"5'10""",WHT,MS,30.43,177.8
260,JLR0,F,3,TRN,02/04/86,12/01/60,"5'4""",WHT,BS,25.18,162.56
261,JLS0,M,4,TRN,01/17/86,06/01/60,"5'9""",WHT,BS,25.63,175.26
262,JMA0,M,2,TRN,03/18/86,04/11/62,"5'10""",WHT,BS,23.93,177.8
263,JMD0,M,2,TRN,04/18/86,03/29/58,"5'7""",WHT,MS,28.05,170.18
264,JMG0,F,4,TST,01/29/86,07/04/53,"5'5""",WHT,MS,32.57,165.1
265,JMM0,M,4,TRN,02/06/86,10/16/58,"5'9""",WHT,HS,27.31,175.26
266,JMP0,M,3,TST,03/24/86,09/29/62,"6'01""",WHT,BS,23.48,185.42
267,JPG0,M,5,TRN,01/30/86,09/28/62,"6'2""",WHT,BS,23.34,187.96
268,JPM0,M,2,TRN,02/25/86,04/29/58,"6'2""",WHT,BS,27.83,187.96
269,JPM1,M,4,TRN,02/27/86,02/06/38,"5'9""",WHT,HS,48.06,175.26
270,JRA0,M,7,TRN,02/05/86,04/11/55,"5'11""",WHT,BS,30.82,180.34
271,JRB0,F,8,TRN,02/17/86,08/10/58,"5'7""",WHT,AS,27.52,170.18
272,JRE0,F,2,TST,01/21/86,08/07/62,"5'6""",WHT,BS,23.46,167.64
273,JRF0,M,4,TST,03/10/86,12/05/45,"5'07""",WHT,MS,40.26,170.18
274,JRG0,M,5,TRN,02/25/86,10/15/56,"6'1""",WHT,BS,29.36,185.42
275,JRH0,M,4,TRN,01/22/86,12/12/60,"5'10""",WHT,BS,25.11,177.8
276,JRH1,M,3,TRN,01/24/86,05/22/62,"6'0""",WHT,BS,23.67,182.88
277,JRK0,M,6,TRN,03/19/86,07/16/40,"6'01""",WHT,MS,45.67,185.42
278,JRP0,M,2,TRN,02/03/86,06/23/58,"5'11""",WHT,HS,27.61,180.34
279,JRP1,F,7,TRN,03/04/86,08/07/40,"5'8""",WHT,HS,45.57,172.72
280,JSA0,F,5,TST,02/26/86,09/13/53,"5'7""",WHT,BS,32.45,170.18
281,JSJ0,F,8,TST,03/13/86,09/18/49,"5'05""",WHT,MS,36.48,165.1
282,JSK0,F,7,TRN,04/24/86,02/04/54,"5'10""",WHT,BS,32.22,177.8
283,JSP0,F,1,TRN,03/05/86,07/06/49,"5'3""",WHT,MS,36.66,160.02
284,JSR0,M,4,TRN,03/04/86,12/26/49,"5'11""",SPN,HS,36.19,180.34
285,JSW0,M,1,TST,04/16/86,07/15/53,"5'8""",WHT,MS,32.75,172.72
286,JTC0,M,8,TST,03/11/86,11/23/55,"5'11""",ORN,MS,30.3,180.34
287,JTH0,M,8,TST,02/14/86,07/26/58,"5'10""",WHT,MS,27.55,177.8
288,JVW0,M,3,TST,01/20/86,07/19/63,"6'0""",WHT,MS,22.51,182.88
289,JWB0,F,2,TST,02/11/86,02/26/54,"5'7""",WHT,MS,31.96,170.18
290,JWB1,F,4,TRN,03/04/86,04/12/56,"5'6""",WHT,BS,29.89,167.64
291,JWG0,M,5,TRN,03/20/86,06/10/61,"5'11""",WHT,BS,24.78,180.34
292,JWS0,M,4,TRN,01/24/86,01/12/40,"5'11""",WHT,BS,46.03,180.34
293,JWT0,M,1,TRN,02/26/86,03/25/53,"6'3""",WHT,BS,32.92,190.5
294,JXA0,M,5,TRN,03/19/86,01/13/50,"5'11""",WHT,BS,36.18,180.34
295,JXL0,M,4,TRN,01/29/86,10/24/27,"5'10""",WHT,HS,58.27,177.8
296,JXM0,F,5,TRN,01/31/86,03/10/58,"5'3""",BLK,HS,27.89,160.02
297,JXP0,F,4,TRN,01/22/86,04/23/62,"5'4""",WHT,BS,23.75,162.56
298,KAA0,F,2,TRN,01/31/86,10/26/58,"5'6""",WHT,BS,27.27,167.64
299,KAG0,M,7,TRN,04/09/86,10/01/39,"5'8""",WHT,BS,46.52,172.72
300,KAH0,M,2,TRN,03/21/86,07/25/56,"6'00""",WHT,MS,29.66,182.88
301,KAJ0,M,2,TRN,03/03/86,07/05/55,"5'6""",WHT,BS,30.66,167.64
302,KAM0,M,4,TRN,02/18/86,11/12/48,"6'0""",WHT,MS,37.27,182.88
303,KCH0,M,3,TST,02/25/86,01/23/56,"6'5""",WHT,PHD,30.09,195.58
304,KCL0,M,4,TST,02/13/86,01/12/47,"5'6""",WHT,BS,39.09,167.64
305,KDB0,M,7,TRN,03/18/86,09/25/55,"5'11""",WHT,MS,30.48,180.34
306,KDD0,M,8,TRN,03/31/86,12/14/55,"6'00""",WHT,MS,30.3,182.88
307,KDE0,F,7,TRN,01/24/86,06/20/62,"5'4""",WHT,AS,23.6,162.56
308,KDR0,M,7,TST,02/12/86,11/02/60,"6'2""",WHT,BS,25.28,187.96
309,KDT0,M,2,TRN,03/20/86,08/02/57,"5'08""",WHT,MS,28.63,172.72
310,KDW0,F,4,TRN,01/31/86,10/14/61,"5'0""",WHT,BS,24.3,152.4
311,KES0,M,6,TRN,02/05/86,06/05/55,"6'0""",WHT,BS,30.67,182.88
312,KFB0,F,1,TRN,04/09/86,09/14/55,"5'2""",WHT,BS,30.57,157.48
313,KJL0,M,7,TST,01/20/86,11/18/55,"6'1""",WHT,MS,30.17,185.42
314,KJO0,M,2,TRN,03/20/86,12/05/54,"6'00""",WHT,PHD,31.29,182.88
315,KKH0,F,5,TRN,02/13/86,04/12/58,"5'5""",WHT,MS,27.84,165.1
316,KLC0,F,4,TRN,04/10/86,05/05/60,"5'5""",WHT,BS,25.93,165.1
317,KLC1,F,6,TRN,04/24/86,06/23/62,"5'6""",WHT,BS,23.84,167.64
318,KLH0,F,8,TRN,02/06/86,07/26/61,"5'6""",WHT,BS,24.53,167.64
319,KLN0,M,6,TRN,04/07/86,01/03/57,"5'8""",WHT,BS,29.26,172.72
320,KLR0,M,7,TRN,04/29/86,12/04/59,"6'0""",WHT,BS,26.4,182.88
321,KLS0,M,1,TRN,03/05/86,07/01/52,"5'6""",WHT,MS,33.68,167.64
322,KLS1,M,3,TRN,03/25/86,12/29/61,"6'01""",WHT,BS,24.24,185.42
323,KLT0,M,5,TST,02/03/86,06/13/62,"5'11""",WHT,BS,23.64,180.34
324,KLW0,M,1,TRN,04/01/86,11/22/56,"5'09""",WHT,PHD,29.36,175.26
325,KMS0,F,3,TST,03/14/86,04/06/47,"5'08""",WHT,MS,38.94,172.72
326,KRG0,M,8,TRN,03/14/86,08/10/60,"6'00""",WHT,MS,25.59,182.88
327,KSR0,F,7,TRN,01/21/86,02/13/61,"5'8""",WHT,BS,24.94,172.72
328,KXL0,M,3,TRN,01/29/86,10/24/59,"5'11""",WHT,BS,26.27,180.34
329,LAC0,F,3,TRN,03/21/86,03/23/61,"5'06""",WHT,BS,24.99,167.64
330,LAG0,F,6,TRN,03/11/86,12/20/61,"5'02""",WHT,BS,24.22,157.48
331,LAS0,F,7,TST,03/14/86,12/05/61,"5'06""",WHT,BS,24.27,167.64
332,LBC0,M,4,TRN,02/05/86,07/01/56,"5'10""",WHT,MS,29.6,177.8
333,LBW0,F,4,TST,02/03/86,04/26/61,"5'7""",WHT,BS,24.77,170.18
334,LEH0,F,7,TRN,04/24/86,09/18/61,"5'5""",WHT,BS,24.6,165.1
335,LEL0,M,4,TRN,02/05/86,01/27/59,"5'7""",WHT,MS,27.02,170.18
336,LET0,F,7,TRN,01/23/86,09/14/61,"5'4""",WHT,BS,24.36,162.56
337,LHD0,F,4,TRN,02/21/86,07/12/47,"5'4""",WHT,MS,38.61,162.56
338,LIH0,M,5,TST,01/29/86,01/10/62,"6'0""",BLK,??,24.05,182.88
339,LJA0,F,5,TRN,05/08/86,03/23/54,"5'7""",WHT,MS,32.13,170.18
340,LJB0,M,4,TST,02/18/86,12/14/58,"5'11""",WHT,HS,27.18,180.34
341,LJC0,M,4,TRN,02/04/86,05/04/61,"5'10""",WHT,BS,24.75,177.8
342,LJD0,F,3,TRN,03/19/86,03/06/61,"5'06""",WHT,BS,25.04,167.64
343,LJG0,F,5,TRN,04/09/86,02/17/22,"5'7""",WHT,MS,64.14,170.18
344,LJH0,M,4,TRN,02/20/86,03/15/50,"6'0""",AMR,AS,35.93,182.88
345,LKD0,F,4,TST,02/25/86,10/02/62,"5'5""",WHT,BS,23.4,165.1
346,LKM0,F,4,TRN,02/05/86,01/16/51,"5'2""",WHT,HS,35.05,157.48
347,LLL0,M,4,TST,02/25/86,05/27/59,"5'6""",WHT,BS,26.75,167.64
348,LMA0,F,2,TRN,02/05/86,06/20/60,"5'8""",WHT,BS,25.63,172.72
349,LMC0,F,2,TRN,02/25/86,11/10/63,"5'8""",WHT,BS,22.29,172.72
350,LMK0,F,5,TRN,04/21/86,05/10/60,"5'0""",WHT,BS,25.95,152.4
351,LNH0,F,6,TST,02/03/86,09/26/60,"5'8""",WHT,BS,25.36,172.72
352,LNS0,M,3,TRN,02/28/86,11/27/59,"5'6""",WHT,HS,26.25,167.64
353,LNT0,M,3,TST,02/12/86,04/09/53,"5'6""",BLK,MS,32.84,167.64
354,LOD0,F,5,TRN,02/13/86,12/05/52,"5'2""",WHT,BS,33.19,157.48
355,LSH0,M,4,TRN,03/03/86,08/14/54,"5'9""",WHT,BS,31.55,175.26
356,LTM0,F,3,TRN,05/02/86,12/21/60,"5'2""",WHT,BS,25.36,157.48
357,MAA0,M,2,TRN,03/13/86,07/12/59,"5'10""",WHT,BS,26.67,177.8
358,MAB0,M,3,TST,02/25/86,03/16/58,"5'10""",WHT,HS,27.95,177.8
359,MAB1,M,5,TRN,03/14/86,12/20/54,"6'02""",WHT,BS,31.23,187.96
360,MAF0,F,4,TST,03/11/86,03/07/44,"5'05""",WHT,BS,42.01,165.1
361,MAG0,M,2,TRN,01/23/86,10/21/63,"6'2""",WHT,BS,22.26,187.96
362,MAH0,F,5,TST,02/13/86,01/30/63,"5'3""",WHT,AS,23.04,160.02
363,MAH1,F,7,TRN,03/19/86,05/21/61,"5'07""",WHT,BS,24.83,170.18
364,MAM0,M,3,TRN,04/07/86,07/01/61,"5'11""",WHT,BS,24.77,180.34
365,MAR0,M,3,TRN,02/20/86,12/06/57,"5'9""",WHT,??,28.21,175.26
366,MBG0,F,8,TRN,01/27/86,01/10/55,"5'4""",WHT,BS,31.05,162.56
367,MBS0,M,4,TRN,01/24/86,03/17/60,"6'2""",BLK,BS,25.86,187.96
368,MCC0,M,5,TRN,02/20/86,06/10/58,"5'8""",WHT,BS,27.7,172.72
369,MCM0,F,4,TST,01/29/86,11/19/59,"5'6""",WHT,BS,26.19,167.64
370,MDB0,M,6,TRN,04/10/86,04/07/54,"5'10""",WHT,BS,32.01,177.8
371,MDB1,M,2,TST,04/11/86,06/03/62,"5'10""",WHT,BS,23.86,177.8
372,MDG0,M,7,TRN,01/24/86,10/08/52,"5'10""",WHT,BS,33.3,177.8
373,MDH0,M,3,TST,04/18/86,05/25/57,"6'0""",WHT,MS,28.9,182.88
374,MDM0,M,4,TRN,02/18/86,12/08/58,"6'3""",WHT,HS,27.2,190.5
375,MDM1,M,5,TRN,03/03/86,09/13/57,"6'0""",WHT,HS,28.47,182.88
376,MDM2,M,2,TST,03/10/86,01/14/59,"5'11""",WHT,MS,27.15,180.34
377,MDS0,M,2,TRN,02/21/86,07/05/65,"6'0""",WHT,HS,20.63,182.88
378,MEA0,M,8,TRN,02/26/86,08/05/62,"5'8""",WHT,MS,23.56,172.72
379,MEB0,M,3,TRN,02/25/86,02/25/42,"6'0""",???,BS,44.0,182.88
380,MEM0,F,1,TRN,02/25/86,06/17/28,"5'7""",WHT,HS,57.69,170.18
381,MGC0,M,4,TRN,02/17/86,02/26/53,"6'2""",WHT,BS,32.98,187.96
382,MGD0,F,6,TST,03/31/86,10/29/31,"5'05""",WHT,HS,54.42,165.1
383,MGG0,M,1,TRN,05/08/86,06/30/60,"6'2""",WHT,MS,25.86,187.96
384,MGK0,M,2,TRN,02/20/86,11/16/63,"6'2""",WHT,BS,22.26,187.96
385,MJB0,F,2,TRN,01/29/86,06/18/63,"5'5""",WHT,HS,22.61,165.1
386,MJB1,M,3,TRN,02/28/86,03/30/59,"6'0""",WHT,BS,26.92,182.88
387,MJF0,F,3,TRN,02/06/86,12/13/54,"5'5""",WHT,MS,31.15,165.1
388,MJR0,M,3,TST,04/17/86,12/11/53,"6'1""",WHT,BS,32.35,185.42
389,MJU0,F,6,TRN,02/27/86,04/23/59,"5'3""",???,HS,26.85,160.02
390,MKC0,F,7,TRN,05/06/86,12/09/58,"5'6""",WHT,MS,27.41,167.64
391,MKF0,F,2,TRN,03/24/86,08/07/58,"5'03""",WHT,BS,27.63,160.02
392,MLD0,F,8,TST,03/26/86,08/17/60,"5'02""",WHT,MS,25.61,157.48
393,MLM0,M,8,TRN,03/20/86,06/20/47,"6'04""",WHT,MS,38.75,193.04
394,MMH0,F,2,TRN,03/25/86,01/14/63,"5'06""",WHT,BS,23.19,167.64
395,MML0,F,7,TST,04/21/86,08/27/61,"5'11""",WHT,BS,24.65,180.34
396,MPG0,F,5,TRN,04/08/86,12/23/32,"5'5""",WHT,HS,53.29,165.1
397,MPM0,M,8,TRN,04/29/86,02/06/56,"5'10""",WHT,BS,30.23,177.8
398,MRP0,M,1,TRN,02/28/86,01/15/59,"5'7""",WHT,HS,27.12,170.18
399,MSM0,M,3,TRN,01/21/86,02/03/63,"5'10""",WHT,BS,22.96,177.8
400,MVP0,M,5,TRN,02/13/86,03/29/61,"5'8""",WHT,BS,24.88,172.72
401,MWB0,M,5,TRN,04/10/86,09/17/62,"5'6""",WHT,??,23.56,167.64
402,MWH0,M,3,TST,01/16/86,06/28/59,"6'0""",WHT,BS,26.55,182.88
403,MWS0,M,8,TRN,03/20/86,02/03/61,"6'00""",WHT,BS,25.13,182.88
404,MWS1,M,7,TRN,05/05/86,12/01/54,"5'6""",WHT,MS,31.43,167.64
405,MXS0,M,2,TRN,03/19/86,05/29/54,"5'04""",WHT,AS,31.81,162.56
406,NET0,M,4,TRN,03/07/86,12/02/37,"5'11""",WHT,??,48.26,180.34
407,NJM0,M,7,TST,04/01/86,03/30/55,"6'02""",WHT,BS,31.01,187.96
408,NKL0,F,8,TRN,03/20/86,02/07/61,"5'07""",WHT,BS,25.11,170.18
409,NLP0,F,5,TST,03/07/86,09/09/55,"5'8""",WHT,BS,30.49,172.72
410,NLS0,M,7,TST,03/13/86,03/10/44,"6'00""",WHT,BS,42.01,182.88
411,NMR0,F,4,TST,02/27/86,09/08/54,"5'8""",WHT,MS,31.47,172.72
412,NTB0,F,3,TRN,01/31/86,12/15/60,"5'8""",WHT,MS,25.13,172.72
413,NTW0,M,7,TRN,05/02/86,04/22/61,"6'4""",WHT,BS,25.03,193.04
414,PAB0,M,7,TST,01/23/86,04/10/54,"5'7""",WHT,BS,31.79,170.18
415,PAB1,F,7,TRN,03/12/86,04/09/62,"5'10""",WHT,BS,23.92,177.8
416,PAC0,F,7,TRN,02/13/86,03/18/62,"5'2""",???,BS,23.91,157.48
417,PAD0,F,6,TRN,02/21/86,09/23/55,"5'3""",WHT,MS,30.41,160.02
418,PAF0,F,4,TRN,04/29/86,06/15/43,"5'5""",WHT,AS,42.87,165.1
419,PAM0,M,8,TST,01/30/86,12/24/57,"6'0""",WHT,MS,28.1,182.88
420,PAM1,M,6,TST,01/31/86,06/07/34,5'11,WHT,MS,51.65,154.94
421,PAR0,M,7,TRN,04/01/86,01/21/61,"5'08""",WHT,BS,25.19,172.72
422,PAS0,F,2,TST,04/01/86,03/20/63,"5'06""",WHT,BS,23.03,167.64
423,PAZ0,F,3,TRN,04/02/86,04/15/54,"5'5""",WHT,BS,31.96,165.1
424,PCS0,M,4,TST,02/25/86,11/17/60,"5'11""",WHT,BS,25.27,180.34
425,PDF0,M,2,TST,03/25/86,04/27/56,"5'11""",WHT,BS,29.91,180.34
426,PEB0,M,4,TRN,02/04/86,05/31/55,"6'0""",WHT,BS,30.68,182.88
427,PFU0,M,7,TRN,02/06/86,11/18/56,"5'7""",WHT,BS,29.22,170.18
428,PGH0,M,1,TRN,03/26/86,09/10/63,"5'08""",WHT,BS,22.54,172.72
429,PGL0,M,2,TST,01/20/86,06/29/61,"6'0""",WHT,BS,24.56,182.88
430,PGR0,M,1,TRN,03/03/86,11/24/61,"5'8""",WHT,BS,24.27,172.72
431,PGR1,M,6,TRN,03/18/86,12/21/59,"5'10""",WHT,BS,26.24,177.8
432,PJF0,F,2,TRN,04/23/86,04/27/60,"5'4""",WHT,BS,25.99,162.56
433,PKT0,F,3,TST,03/25/86,08/09/61,"5'04""",WHT,BS,24.63,162.56
434,PLB0,M,4,TST,02/27/86,03/08/52,"6'1""",WHT,HS,33.97,185.42
435,PLS0,F,8,TRN,04/02/86,03/03/65,"5'6""",WHT,HS,21.08,167.64
436,PMB0,M,5,TRN,03/18/86,06/10/10,"5'07""",WHT,BS,75.77,170.18
437,PMY0,F,5,TRN,01/27/86,06/25/58,"5'6""",BLK,HS,27.59,167.64
438,PPC0,M,2,TRN,03/03/86,04/03/60,"5'5""",WHT,BS,25.92,165.1
439,PRB0,M,2,TRN,01/31/86,08/29/53,"5'8""",WHT,AS,32.42,172.72
440,PRD0,M,3,TRN,03/04/86,07/03/50,"5'9""",WHT,AS,35.67,175.26
441,PRK0,M,4,TRN,01/17/86,03/10/58,"5'11""",WHT,MS,27.86,180.34
442,PRT0,M,4,TRN,01/31/86,03/07/53,"5'9""",WHT,PHD,32.9,175.26
443,PSW0,M,1,TRN,05/02/86,02/11/62,"5'10""",WHT,BS,24.22,177.8
444,PWM0,M,4,TST,01/23/86,02/12/56,"6'2""",WHT,BS,29.95,187.96
445,RAB0,M,2,TRN,02/04/86,04/02/54,"5'9""",WHT,BS,31.84,175.26
446,RAB1,M,4,TRN,03/13/86,02/05/53,"5'08""",WHT,PHD,33.1,172.72
447,RAI0,M,1,TRN,03/04/86,01/02/61,"5'8""",WHT,BS,25.17,172.72
448,RAM0,M,5,TRN,02/12/86,10/31/60,"6'1""",WHT,BS,25.28,185.42
449,RAM1,F,2,TST,02/25/86,11/10/60,"5'6""",WHT,MS,25.29,167.64
450,RAV0,M,5,TRN,04/16/86,11/13/60,"6'4""",WHT,MS,25.42,193.04
451,RBC0,M,3,TRN,02/04/86,05/05/60,"6'1""",WHT,HS,25.75,185.42
452,RCG0,M,1,TRN,03/04/86,04/14/45,"6'1""",WHT,MS,40.89,185.42
453,RCS0,M,7,TST,02/04/86,12/07/46,"6'0""",WHT,MS,39.16,182.88
454,RCW0,M,2,TRN,02/25/86,07/14/58,"6'3""",WHT,BS,27.62,190.5
455,RCZ0,M,2,TST,03/25/86,04/02/58,"5'09""",WHT,MS,27.98,175.26
456,RDD0,M,1,TRN,04/24/86,12/25/43,"5'11""",WHT,BS,42.33,180.34
457,RDM0,M,8,TRN,04/07/86,09/28/49,"6'2""",WHT,PHD,36.52,187.96
458,RDS0,M,3,TRN,01/28/86,09/03/53,"6'0""",WHT,MS,32.4,182.88
459,REB0,M,1,TST,02/25/86,12/04/58,"6'0""",WHT,BS,27.23,182.88
460,REE0,M,3,TRN,01/20/86,08/25/61,"6'6""",WHT,BS,24.4,198.12
461,REH0,F,7,TRN,02/18/86,07/20/62,"5'7""",WHT,BS,23.58,170.18
462,REH1,M,3,TRN,04/07/86,05/12/61,"5'9""",WHT,BS,24.9,175.26
463,REM0,M,7,TRN,04/02/86,10/05/34,"6'2""",WHT,BS,51.49,187.96
464,RES0,M,8,TST,02/03/86,06/19/62,"6'4""",WHT,BS,23.63,193.04
465,REW0,F,4,TST,02/12/86,06/19/52,"5'4""",WHT,MS,33.65,162.56
466,REW1,M,5,TRN,03/18/86,04/08/58,"6'00""",WHT,BS,27.94,182.88
467,RFK0,M,2,TRN,05/07/86,12/03/51,"6'2""",WHT,BS,34.43,187.96
468,RFL0,M,4,TRN,01/27/86,09/22/52,"5'4""",WHT,BS,33.35,162.56
469,RGG0,M,2,TST,01/31/86,05/10/61,"6'0""",WHT,BS,24.73,182.88
470,RGM0,M,4,TRN,01/28/86,09/27/54,"6'0""",BLK,HS,31.34,182.88
471,RGS0,M,2,TRN,02/25/86,07/14/63,"5'8""",WHT,HS,22.62,172.72
472,RHL0,M,2,TRN,03/19/86,02/08/54,"5'09""",WHT,MS,32.11,175.26
473,RJB0,F,6,TRN,03/04/86,07/18/59,"5'4""",WHT,PHD,26.63,162.56
474,RJB1,M,3,TRN,04/17/86,09/01/62,"6'4""",WHT,BS,23.63,193.04
475,RJH0,M,2,TRN,03/20/86,02/19/44,"5'09""",WHT,PHD,42.08,175.26
476,RJM0,M,2,TRN,02/04/86,10/21/56,"6'0""",WHT,BS,29.29,182.88
477,RJM1,M,2,TRN,02/14/86,07/03/47,"6'0""",WHT,MS,38.62,182.88
478,RJM3,M,5,TST,03/07/86,08/09/34,"6'01""",WHT,HS,51.58,185.42
479,RJM4,M,7,TST,03/14/86,08/03/50,"5'08""",WHT,MS,35.61,172.72
480,RJO0,M,1,TST,02/25/86,05/15/51,"5'10""",WHT,BS,34.78,177.8
481,RJR0,M,6,TST,01/29/86,04/15/58,"5'9""",???,MS,27.79,175.26
482,RJS0,M,6,TST,03/06/86,07/20/60,"5'07""",WHT,BS,25.63,170.18
483,RJT0,M,2,TRN,03/18/86,09/12/41,"6'00""",WHT,BS,44.51,182.88
484,RKM0,M,5,TRN,02/11/86,10/27/56,"5'11""",BLK,BS,29.29,180.34
485,RKO0,M,4,TST,02/27/86,02/07/41,"6'3""",WHT,HS,45.05,190.5
486,RLD0,M,5,TRN,04/02/86,12/25/55,"5'9""",WHT,MS,30.27,175.26
487,RLJ0,M,2,TRN,03/04/86,12/06/51,"5'8""",WHT,BS,34.24,172.72
488,RLJ1,M,7,TRN,04/23/86,07/05/60,"6'0""",WHT,BS,25.8,182.88
489,RLK0,M,8,TRN,03/12/86,05/25/51,"6'00""",WHT,BS,34.8,182.88
490,RLL0,F,2,TRN,03/19/86,07/24/62,"5'06""",WHT,BS,23.65,167.64
491,RLR0,M,2,TRN,01/30/86,03/29/59,"5'10""",WHT,MS,26.84,177.8
492,RMB0,M,6,TRN,04/01/86,05/29/53,"6'00""",???,BS,32.84,182.88
493,RMG0,M,7,TRN,05/08/86,11/01/43,"5'11""",WHT,PHD,42.52,180.34
494,RMH0,M,7,TRN,04/17/86,02/26/60,"6'2""",WHT,BS,26.14,187.96
495,RML0,M,5,TRN,03/04/86,03/19/53,"6'3""",WHT,BS,32.96,190.5
496,RMS0,M,2,TRN,03/12/86,03/11/60,"5'07""",WHT,BS,26.0,170.18
497,RMS1,M,7,TST,03/14/86,04/27/60,"6'00""",WHT,BS,25.88,182.88
498,RNG0,F,4,TST,02/25/86,09/21/61,"5'6""",WHT,HS,24.43,167.64
499,ROA0,M,4,TST,02/17/86,10/08/62,"6'3""",WHT,HS,23.36,190.5
500,RPC0,M,7,TST,01/22/86,09/14/60,"5'9""",WHT,BS,25.36,175.26
501,RPC1,M,7,TRN,03/13/86,12/12/62,"6'03""",WHT,BS,23.25,190.5
502,RPP0,M,5,TST,01/29/86,09/12/58,"5'11""",WHT,MS,27.38,180.34
503,RRE0,M,8,TRN,02/20/86,12/16/50,"5'10""",WHT,HS,35.18,177.8
504,RRK0,M,5,TST,02/13/86,07/18/41,"5'9""",WHT,MS,44.57,175.26
505,RSO0,M,1,TRN,04/18/86,06/16/60,"6'0""",WHT,MS,25.84,182.88
506,RSP0,M,4,TRN,03/04/86,09/20/53,"5'10""",WHT,HS,32.45,177.8
507,RTC0,M,3,TRN,03/11/86,02/07/58,"6'00""",WHT,BS,28.09,182.88
508,RTJ0,M,3,TRN,02/27/86,11/14/37,"5'11""",WHT,HS,48.29,180.34
509,RTK0,M,3,TST,01/14/86,08/08/58,"6'0""",WHT,MS,27.43,182.88
510,RVG0,M,5,TRN,01/23/86,04/14/54,"6'0""",WHT,BS,31.78,182.88
511,RWA0,M,3,TRN,04/08/86,05/05/60,"5'9""",WHT,BS,25.93,175.26
512,RWS0,M,1,TRN,01/20/86,03/10/59,"6'2""",WHT,BS,26.86,187.96
513,RWS1,M,5,TST,01/23/86,07/23/58,"5'10""",WHT,BS,27.5,177.8
514,RXB0,M,6,TRN,04/02/86,03/16/60,"5'10""",???,MS,26.05,177.8
515,SAG0,F,5,TRN,02/20/86,10/01/41,"5'5""",WHT,HS,44.39,165.1
516,SAH0,F,1,TRN,02/05/86,03/09/63,"5'9""",WHT,BS,22.91,175.26
517,SAH1,M,7,TRN,04/24/86,11/13/46,"5'10""",WHT,BS,39.45,177.8
518,SAK0,F,4,TRN,02/14/86,05/25/61,"5'2""",WHT,MS,24.72,157.48
519,SAS0,M,5,TRN,02/25/86,12/13/59,"6'4""",WHT,BS,26.2,193.04
520,SAT0,M,2,TRN,03/20/86,07/21/60,"5'11""",WHT,BS,25.66,180.34
521,SAT1,M,6,TRN,05/06/86,02/10/57,"5'5""",WHT,MS,29.23,165.1
522,SBK0,F,6,TRN,05/02/86,08/13/62,"5'2""",WHT,BS,23.72,157.48
523,SCN0,F,2,TRN,02/06/86,11/27/59,"5'2""",WHT,BS,26.19,157.48
524,SDB0,M,7,TRN,04/15/86,06/20/57,"5'11""",WHT,MS,28.82,180.34
525,SDC0,F,5,TRN,02/18/86,07/16/61,"5'5""",WHT,BS,24.59,165.1
526,SDH0,M,5,TRN,04/09/86,11/25/61,"6'0""",WHT,BS,24.37,182.88
527,SDJ0,F,6,TRN,01/21/86,08/21/62,"5'7""",WHT,BS,23.42,170.18
528,SDS0,M,6,TRN,05/07/86,12/10/58,"5'8""",WHT,MS,27.41,172.72
529,SEM0,F,4,TST,01/30/86,10/07/64,"5'0""",WHT,HS,21.31,152.4
530,SEM1,M,5,TRN,03/06/86,02/12/47,"6'0""",WHT,PHD,39.06,182.88
531,SES0,M,7,TRN,04/02/86,09/11/63,"5'8""",WHT,BS,22.56,172.72
532,SFH0,M,4,TRN,02/03/86,01/14/60,"5'10""",SPN,HS,26.05,177.8
533,SFH1,M,5,TST,02/11/86,05/03/59,"5'9""",WHT,MS,26.78,175.26
534,SFV0,M,3,TRN,02/11/86,04/28/51,"6'3""",WHT,BS,34.79,190.5
535,SGF0,F,6,TRN,03/26/86,05/10/42,"5'05""",WHT,MS,43.88,165.1
536,SJG0,F,5,TRN,03/31/86,07/14/57,"5'03""",BLK,BS,28.71,160.02
537,SJK0,M,6,TRN,04/07/86,08/09/31,"5'7""",WHT,BS,54.66,170.18
538,SJK1,F,1,TRN,04/18/86,01/16/61,"5'6""",WHT,BS,25.25,167.64
539,SJS0,F,3,TRN,01/28/86,04/12/57,"5'0""",WHT,BS,28.8,152.4
540,SJS1,M,1,TST,02/11/86,07/23/60,"5'9""",???,BS,25.55,175.26
541,SJW0,F,3,TRN,02/20/86,08/15/39,"5'5""",WHT,HS,46.52,165.1
542,SKC0,F,3,TRN,03/03/86,04/10/61,"6'0""",WHT,AS,24.9,182.88
543,SKL0,F,2,TRN,03/21/86,12/11/61,"5'06""",WHT,BS,24.28,167.64
544,SKP0,F,5,TRN,01/20/86,12/15/61,"5'8""",WHT,BS,24.1,172.72
545,SLB0,M,8,TST,01/30/86,03/05/55,"5'6""",WHT,MS,30.9,167.64
546,SLB1,F,2,TST,02/12/86,09/18/53,"5'8""",WHT,MS,32.4,172.72
547,SLS0,F,3,TRN,04/29/86,02/24/63,"5'9""",WHT,BS,23.18,175.26
548,SMA0,F,1,TRN,04/11/86,07/31/43,"5'3""",WHT,??,42.7,160.02
549,SMC0,M,4,TRN,02/12/86,11/16/55,"5'8""",WHT,MS,30.24,172.72
550,SMM0,F,5,TRN,02/18/86,12/09/55,"5'6""",WHT,MS,30.19,167.64
551,SMR0,M,6,TRN,02/28/86,02/09/52,"6'2""",WHT,BS,34.05,187.96
552,SMS0,M,4,TRN,03/05/86,09/19/39,"5'9""",WHT,??,46.46,175.26
553,SMS1,F,5,TRN,03/18/86,06/19/61,"5'00""",WHT,BS,24.75,152.4
554,SPM0,F,7,TRN,02/05/86,06/20/55,"5'4""",WHT,PHD,30.63,162.56
555,SRG0,M,4,TRN,02/03/86,03/18/60,"5'8""",WHT,BS,25.88,172.72
556,SRH0,F,2,TRN,02/14/86,06/25/62,"5'4""",WHT,HS,23.64,162.56
557,SRR0,M,5,TRN,01/23/86,10/21/61,"5'9""",WHT,BS,24.26,175.26
558,SSB0,F,4,TRN,05/09/86,08/02/53,"5'5""",WHT,BS,32.77,165.1
559,STF0,M,4,TRN,02/27/86,07/22/59,"5'10""",WHT,BS,26.6,177.8
560,STK0,M,1,TST,04/17/86,12/04/60,"5'11""",WHT,BS,25.37,180.34
561,SVS0,M,6,TRN,03/31/86,09/04/59,"6'02""",HSP,BS,26.57,187.96
562,SXA0,F,7,TST,01/21/86,07/31/59,"5'8""",WHT,BS,26.48,172.72
563,TAA0,M,3,TST,02/13/86,12/10/61,"5'6""",WHT,BS,24.18,167.64
564,TAB0,M,7,TRN,04/01/86,09/27/60,"6'02""",WHT,BS,25.51,187.96
565,TAJ0,F,6,TRN,02/20/86,05/30/60,"5'5""",WHT,BS,25.73,165.1
566,TAS0,M,4,TRN,02/26/86,01/31/60,"5'11""",WHT,BS,26.07,180.34
567,TAS1,M,2,TST,03/12/86,04/22/57,"5'11""",WHT,HS,28.89,180.34
568,TAT0,M,5,TRN,01/21/86,08/08/50,"6'3""",WHT,BS,35.45,190.5
569,TAT1,M,2,TRN,02/28/86,05/20/62,"6'0""",WHT,BS,23.78,182.88
570,TBC0,M,2,TRN,01/29/86,10/19/59,"6'6""",WHT,BS,26.28,198.12
571,TBR0,F,1,TRN,03/26/86,09/11/61,"5'04""",WHT,HS,24.54,162.56
572,TBW0,F,5,TRN,02/21/86,07/27/63,"5'9""",WHT,HS,22.57,175.26
573,TCS0,M,8,TRN,02/21/86,02/19/57,"5'8""",???,HS,29.01,172.72
574,TDB0,M,2,TRN,02/27/86,07/07/56,"6'2""",WHT,??,29.64,187.96
575,TDP0,M,5,TRN,03/20/86,09/16/62,"6'00""",BLK,BS,23.51,182.88
576,TDT0,M,3,TST,04/11/86,11/29/55,"5'9""",WHT,BS,30.37,175.26
577,TEB0,M,4,TST,01/23/86,03/07/60,"5'6""",WHT,BS,25.88,167.64
578,TER0,M,7,TRN,01/27/86,08/29/46,"5'9""",WHT,MS,39.41,175.26
579,THC0,M,3,TST,04/16/86,07/01/59,"5'10""",WHT,MS,26.79,177.8
580,TJG0,M,2,TRN,03/20/86,11/27/61,"6'03""",WHT,BS,24.31,190.5
581,TJM0,M,3,TRN,02/04/86,05/22/56,"5'7""",WHT,MS,29.7,170.18
582,TJS0,M,1,TRN,01/30/86,03/29/62,"5'10""",WHT,BS,23.84,177.8
583,TJU0,M,6,TRN,02/27/86,01/12/60,"5'11""",???,MS,26.13,180.34
584,TKD0,M,7,TRN,01/30/86,12/27/54,"5'7""",WHT,BS,31.09,170.18
585,TKP0,M,3,TRN,04/17/86,03/22/62,"6'0""",WHT,BS,24.07,182.88
586,TLB0,M,3,TRN,01/23/86,04/11/59,"5'11""",WHT,MS,26.78,180.34
587,TLC0,M,7,TRN,03/13/86,06/15/47,"5'07""",WHT,MS,38.74,170.18
588,TLG0,F,5,TRN,01/21/86,04/01/60,"5'6""",WHT,BS,25.81,167.64
589,TLH0,F,7,TST,04/16/86,04/11/55,"5'11""",WHT,BS,31.01,180.34
590,TLS0,M,4,TST,02/25/86,09/02/61,"5'11""",???,BS,24.48,180.34
591,TMG0,F,2,TRN,03/21/86,06/25/60,"5'04""",WHT,BS,25.74,162.56
592,TML0,M,7,TRN,05/01/86,12/01/61,"6'0""",WHT,BS,24.42,182.88
593,TMN0,M,7,TRN,04/30/86,03/06/62,"6'1""",WHT,BS,24.15,185.42
594,TMR0,M,2,TST,02/17/86,05/02/56,"5'10""",WHT,AS,29.8,177.8
595,TMT0,M,5,TRN,01/22/86,03/19/57,"5'10""",WHT,MS,28.84,177.8
596,TPF0,M,1,TRN,02/05/86,09/02/59,"5'9""",WHT,MS,26.43,175.26
597,TPG0,M,3,TRN,02/26/86,11/04/57,"5'10""",WHT,BS,28.31,177.8
598,TPP0,M,3,TRN,03/19/86,01/25/43,"6'01""",WHT,BS,43.15,185.42
599,TPR0,M,7,TRN,04/07/86,09/06/52,"5'10""",WHT,BS,33.58,177.8
600,TQC0,M,4,TRN,03/06/86,08/09/55,"5'11""",WHT,AS,30.57,180.34
601,TRC0,M,4,TRN,04/11/86,12/18/62,"6'1""",WHT,AS,23.31,185.42
602,TRR0,M,1,TRN,03/25/86,07/18/60,"5'11""",WHT,AS,25.69,180.34
603,TRT0,M,4,TRN,02/04/86,08/12/58,"6'4""",WHT,MS,27.48,193.04
604,TWH0,M,7,TST,01/30/86,02/25/60,"5'8""",WHT,BS,25.93,172.72
605,TWH1,M,7,TRN,03/19/86,05/14/60,"6'01""",WHT,BS,25.85,185.42
606,TXS0,M,6,TRN,04/29/86,02/29/56,"6'0""",WHT,AS,30.16,182.88
607,UTB0,F,5,TST,01/31/86,09/22/60,"5'10""",BLK,HS,25.36,177.8
608,VFB0,F,1,TRN,04/18/86,04/14/62,"5'2""",WHT,BS,24.01,157.48
609,VJH0,M,3,TRN,03/26/86,06/03/40,"5'07""",WHT,PHD,45.81,170.18
610,VKB0,F,7,TRN,01/27/86,08/31/61,"5'8""",WHT,BS,24.41,172.72
611,VLO0,M,5,TRN,01/24/86,10/13/46,"5'8""",WHT,MS,39.28,172.72
612,VMH0,F,1,TRN,03/11/86,01/08/60,"5'05""",WHT,BS,26.17,165.1
613,VRW0,M,7,TRN,03/13/86,10/27/59,"5'09""",WHT,MS,26.38,175.26
614,WAC0,M,5,TRN,04/07/86,04/15/29,"5'6""",WHT,MS,56.98,167.64
615,WAD0,M,1,TRN,04/30/86,12/01/60,"5'9""",WHT,BS,25.41,175.26
616,WAR0,M,1,TRN,04/23/86,03/14/59,"5'9""",WHT,BS,27.11,175.26
617,WBT0,M,1,TST,03/26/86,05/24/34,"6'00""",WHT,BS,51.84,182.88
618,WCH0,M,5,TRN,04/11/86,07/16/60,"5'10""",WHT,AS,25.74,177.8
619,WDK0,M,3,TRN,03/05/86,11/13/56,"6'2""",WHT,BS,29.31,187.96
620,WEM0,M,5,TRN,02/19/86,02/02/57,"5'2""",BLK,BS,29.05,157.48
621,WEW0,M,2,TST,02/25/86,09/29/58,"6'0""",WHT,BS,27.41,182.88
622,WGR0,M,3,TRN,04/09/86,08/30/61,"6'3""",WHT,MS,24.61,190.5
623,WJG0,M,3,TST,01/22/86,12/23/52,"6'0""",WHT,MS,33.08,182.88
624,WRE0,M,7,TRN,04/29/86,09/25/51,"5'9""",WHT,BS,34.59,175.26
625,WRP0,M,7,TRN,03/06/86,10/11/50,"5'08""",WHT,MS,35.4,172.72
626,WSB0,M,2,TRN,04/11/86,07/31/59,"5'8""",WHT,BS,26.7,172.72
627,WSH0,M,5,TRN,03/04/86,06/01/63,"6'0""",WHT,BS,22.76,182.88
628,WVW0,M,2,TST,03/13/86,02/22/62,"5'04""",WHT,BS,24.05,162.56
629,ZMB0,M,2,TRN,01/28/86,08/31/60,"5'10""",???,BS,25.41,177.8
